## 初始化数据

```mysql
drop table if exists user;

create table user(
    id int not null auto_increment comment '主键',
    username varchar(255) not null comment '用户名',
    password varchar(255) not null comment '密码',
    password_salt varchar(255) not null comment '密码随机盐值',
    nickname varchar(255) not null comment '昵称',
    user_no int default 0 not null comment '用户编码',
    ip varchar(255) comment 'IP地址',
    mobile varchar(11) comment '手机号',
    mail varchar(255) comment '邮箱',
    gender int default 0 not null comment '性别（0：男，1：女）',
    type int default 0 not null comment '类型（0：普通用户，1：超级管理员）',
    status int default 0 not null comment '状态（0：正常，1：黑名单，2：已注销）',
    is_deleted int default 0 not null comment '是否删除（0：有效，1：无效删除）',
    created_time datetime default now() not null comment '创建时间',
    updated_time datetime default now() not null comment '更新时间',
    primary key(id)
) comment = '用户表';

# 3、批量提交事务
drop procedure if exists insertIntoUser;

delimiter $$

create procedure insertIntoUser(in num int, in batchNum int)
begin
    declare i int default 0;

    while i < num do
        set i = i + 1;
        set @username = concat('beigua', LPAD(i, 9, 0));
        set @nickname = concat('北瓜', LPAD(i, 9, 0));
        set @password = replace(uuid(), "-", "");
        set @password_salt = replace(uuid(), "-", "");
        set @user_no = i;

        set autocommit = 0;

        INSERT INTO user(username, password, password_salt, nickname, user_no, ip, mobile, mail, gender, type, status, is_deleted, created_time, updated_time) 
        VALUES (@username, @password, @password_salt, @nickname, @user_no, '192.168.1.1', '18888888888', '18888888888@163.com', '0', '0', '0', '0', now(), now());

        if i mod batchNum = 0 then
            commit;
        end if;
    end while;
end $$

delimiter ;
```

数据预置

```mysql
mysql> call insertIntoUser(10000000,100);
Query OK, 0 rows affected (5 min 58.26 sec)

insert into user2 (id,username, password, password_salt, nickname, user_no, ip, mobile, mail, gender, type, status, is_deleted, created_time, updated_time) select id+5120000,concat('beigua', LPAD(id+5120000, 9, 0)), password, password_salt, concat('北瓜', LPAD(id+5120000, 9, 0)), id+5120000, ip, mobile, mail, gender, type, status, is_deleted, created_time, updated_time from user2;

mysql> create table user2 select * from user;
Query OK, 10000000 rows affected (54.17 sec)
Records: 10000000  Duplicates: 0  Warnings: 0

mysql> update user set user_no = user_no + 1 where id % 1000000 = 0;
Query OK, 100 rows affected (9.02 sec)
Rows matched: 100  Changed: 100  Warnings: 0
```

## 方法1：使用union all

```
SELECT * FROM ( SELECT * FROM user UNION ALL SELECT * FROM user2 )tbl GROUP BY id HAVING count(*)=1 ORDERBY id;

ysql> SELECT * FROM ( SELECT * FROM user UNION ALL SELECT * FROM user2 )tbl GROUP BY id HAVING count(*)=1 ORDER BY id;
Empty set (3 min 23.97 sec)
```

```
MySQL [ny]> select * from user1 except select * from user2;
+----------+-----------------+----------------------------------+----------------------------------+-----------------+----------+-------------+-------------+---------------------+--------+------+--------+------------+---------------------+---------------------+
| id       | username        | password                         | password_salt                    | nickname        | user_no  | ip          | mobile      | mail                | gender | type | status | is_deleted | created_time        | updated_time        |
+----------+-----------------+----------------------------------+----------------------------------+-----------------+----------+-------------+-------------+---------------------+--------+------+--------+------------+---------------------+---------------------+
| 10000000 | beigua010000000 | 5f687b514df711edae1700163e003e92 | 5f687c654df711edae1700163e003e92 | 北瓜010000000   | 10000000 | 192.168.1.1 | 18888888888 | 18888888888@163.com |      0 |    0 |      0 |          0 | 2022-10-17 16:40:37 | 2022-10-17 16:40:37 |
|  9000000 | beigua009000000 | 5f687b514df711edae1700163e003e92 | 5f687c654df711edae1700163e003e92 | 北瓜009000000   |  9000000 | 192.168.1.1 | 18888888888 | 18888888888@163.com |      0 |    0 |      0 |          0 | 2022-10-17 16:40:37 | 2022-10-17 16:40:37 |
|  1000000 | beigua001000000 | 5f687b514df711edae1700163e003e92 | 5f687c654df711edae1700163e003e92 | 北瓜001000000   |  1000000 | 192.168.1.1 | 18888888888 | 18888888888@163.com |      0 |    0 |      0 |          0 | 2022-10-17 16:40:37 | 2022-10-17 16:40:37 |
|  5000000 | beigua005000000 | 5f687b514df711edae1700163e003e92 | 5f687c654df711edae1700163e003e92 | 北瓜005000000   |  5000000 | 192.168.1.1 | 18888888888 | 18888888888@163.com |      0 |    0 |      0 |          0 | 2022-10-17 16:40:37 | 2022-10-17 16:40:37 |
|  3000000 | beigua003000000 | 5f687b514df711edae1700163e003e92 | 5f687c654df711edae1700163e003e92 | 北瓜003000000   |  3000000 | 192.168.1.1 | 18888888888 | 18888888888@163.com |      0 |    0 |      0 |          0 | 2022-10-17 16:40:37 | 2022-10-17 16:40:37 |
|  4000000 | beigua004000000 | 5f687b514df711edae1700163e003e92 | 5f687c654df711edae1700163e003e92 | 北瓜004000000   |  4000000 | 192.168.1.1 | 18888888888 | 18888888888@163.com |      0 |    0 |      0 |          0 | 2022-10-17 16:40:37 | 2022-10-17 16:40:37 |
|  2000000 | beigua002000000 | 5f687b514df711edae1700163e003e92 | 5f687c654df711edae1700163e003e92 | 北瓜002000000   |  2000000 | 192.168.1.1 | 18888888888 | 18888888888@163.com |      0 |    0 |      0 |          0 | 2022-10-17 16:40:37 | 2022-10-17 16:40:37 |
|  6000000 | beigua006000000 | 5f687b514df711edae1700163e003e92 | 5f687c654df711edae1700163e003e92 | 北瓜006000000   |  6000000 | 192.168.1.1 | 18888888888 | 18888888888@163.com |      0 |    0 |      0 |          0 | 2022-10-17 16:40:37 | 2022-10-17 16:40:37 |
|  7000000 | beigua007000000 | 5f687b514df711edae1700163e003e92 | 5f687c654df711edae1700163e003e92 | 北瓜007000000   |  7000000 | 192.168.1.1 | 18888888888 | 18888888888@163.com |      0 |    0 |      0 |          0 | 2022-10-17 16:40:37 | 2022-10-17 16:40:37 |
|  8000000 | beigua008000000 | 5f687b514df711edae1700163e003e92 | 5f687c654df711edae1700163e003e92 | 北瓜008000000   |  8000000 | 192.168.1.1 | 18888888888 | 18888888888@163.com |      0 |    0 |      0 |          0 | 2022-10-17 16:40:37 | 2022-10-17 16:40:37 |
+----------+-----------------+----------------------------------+----------------------------------+-----------------+----------+-------------+-------------+---------------------+--------+------+--------+------------+---------------------+---------------------+
10 rows in set (2 min 12.38 sec)

MySQL [ny]> explain select * from user1 except select * from user2\G;
*************************** 1. row ***************************
Query Plan: ==================================================
|ID|OPERATOR            |NAME |EST. ROWS|COST    |
--------------------------------------------------
|0 |HASH EXCEPT DISTINCT|     |1841949  |27410108|
|1 | TABLE SCAN         |user1|1841949  |3960884 |
|2 | TABLE SCAN         |user2|10240000 |3960884 |
==================================================

Outputs & filters:
-------------------------------------
  0 - output([EXCEPT([1])], [EXCEPT([2])], [EXCEPT([3])], [EXCEPT([4])], [EXCEPT([5])], [EXCEPT([6])], [EXCEPT([7])], [EXCEPT([8])], [EXCEPT([9])], [EXCEPT([10])], [EXCEPT([11])], [EXCEPT([12])], [EXCEPT([13])], [EXCEPT([14])], [EXCEPT([15])]), filter(nil)
  1 - output([user1.id], [user1.username], [user1.password], [user1.password_salt], [user1.nickname], [user1.user_no], [user1.ip], [user1.mobile], [user1.mail], [user1.gender], [user1.type], [user1.status], [user1.is_deleted], [user1.created_time], [user1.updated_time]), filter(nil),
      access([user1.id], [user1.username], [user1.password], [user1.password_salt], [user1.nickname], [user1.user_no], [user1.ip], [user1.mobile], [user1.mail], [user1.gender], [user1.type], [user1.status], [user1.is_deleted], [user1.created_time], [user1.updated_time]), partitions(p0)
  2 - output([user2.id], [user2.username], [user2.password], [user2.password_salt], [user2.nickname], [user2.user_no], [user2.ip], [user2.mobile], [user2.mail], [user2.gender], [user2.type], [user2.status], [user2.is_deleted], [user2.created_time], [user2.updated_time]), filter(nil),
      access([user2.id], [user2.username], [user2.password], [user2.password_salt], [user2.nickname], [user2.user_no], [user2.ip], [user2.mobile], [user2.mail], [user2.gender], [user2.type], [user2.status], [user2.is_deleted], [user2.created_time], [user2.updated_time]), partitions(p0)

1 row in set (0.01 sec)

ERROR: No query specified
```

```
MySQL [ny]> select * from user1 except select * from user2 union select * from user2 except select * from user1;
Empty set (2 min 3.05 sec)

MySQL [ny]> select * from user1 where id between 0 and 100000 except select * from user2 where id between 0 and 100000;
Empty set (0.54 sec)

(select * from user1 where id between 0 and 100000 except select * from user2 where id between 0 and 100000) union all (select * from user2 where id between 0 and 100000 except select * from user1 where id between 0 and 100000);
-- 10w条0.54s，1000000 = 10w*100 = 54s

(select * from user1 where id between 0 and 200000 except select * from user2 where id between 0 and 200000 union select * from user2 where id between 0 and 200000 except select * from user1 where id between 0 and 200000;
```

```
select * from user1 where id between 0 and 100000 except select * from user2 where id between 0 and 100000;

select * from user1 where id between 100000 and 200000 except select * from user2 where id between 100000 and 200000;
```
